pass_direction,track,frame,scene_name,source_feature_id,scene_area_km2,overlap_area_km2,overlap_percent,scene_centroid_lon,scene_centroid_lat,overlap_centroid_lon,overlap_centroid_lat,scene_min_lon,scene_min_lat,scene_max_lon,scene_max_lat,crossesDateline,data_loss_display,data_mode_display,data_product_display,endAX,endCY,endET,epsg,fractionLand,half_frame_mode,hasLand,hasSeaIce,has_data_product,insarPSFCriteria,insarProcessor,isCalVal,isDNC,isSNWG,mapBottomRightX,mapBottomRightY,mapTopLeftX,mapTopLeftY,maxTopo,meanTopo,medianTopo,minTopo,mixed_mode,mixed_radar_modes,num_radar_mode_changes_across_cycles,number_of_modes,observation_data_ratio,offsetsProcessor,passDirection,produceGCOV,produceGOFF,produceGSLC,produceGUNW,produceRIFG,produceROFF,produceRSLC,produceRUNW,produceSMST,radar_mode,radioFrequencyInterference,satelliteHeight,satelliteLat,satelliteLon,startAX,startCY,startET,swathFarLookAngle,swathFarRange,swathNearLookAngle,swathNearRange,time_coverage,velocityAlongTrack,velocityVertical
Ascending,112,10,T112_F10,43705,59895.124,39974.454,66.7407,98.7913922,16.8176194,99.1483272,16.9434464,97.3756945,15.4892559,100.1943701,18.1427359,False,1,238.0,1,318.9155535697937,665548.8329068422,726663273.8085988,32647,1.0,False,True,False,True,solid_earth,cpu,False,False,False,648000.0,1692720.0,307440.0,2026800.0,2035.0,344.92388916015625,201.0,2.0,True,238,0,1,39.0,,Ascending,True,False,True,True,False,False,True,False,True,238.0,default,752446.6807799088,18.00011214866821,103.99656181396404,283.4128977060318,665513.3302509785,726663238.3059429,41.2,1050111.1802809548,29.999999999999996,886609.3534251874,1384.6035786867142,7571.646432530415,4.406085182675841
Ascending,112,11,T112_F11,43709,59954.619,40773.197,68.0068,98.2648749,18.8040201,98.5779005,18.7116129,96.828551,17.4710419,99.6869147,20.1330274,False,1,238.0,1,352.4343172311783,665582.3516705036,726663307.3273624,32647,1.0,False,True,False,True,solid_earth,cpu,False,False,False,593280.0,1912320.0,252000.0,2246400.0,2530.0,720.6834716796875,689.0,23.0,True,238,0,1,39.0,,Ascending,True,False,True,True,False,False,True,False,True,238.0,default,752561.8010763535,20.000128396360136,103.52771493383904,316.9155535697937,665546.8329068422,726663271.8085988,41.2,1050305.6184594037,29.999999999999996,886721.9406779455,1385.2317827939987,7571.410716221891,5.68938352319963
Ascending,112,12,T112_F12,43713,60020.319,202.315,0.3371,97.7218962,20.7893839,98.8492255,19.9803614,96.2624693,19.4515848,99.1654012,22.1224934,False,1,238.0,1,385.9714124202728,665615.8887656927,726663340.8644576,32647,1.0,False,True,False,True,solid_earth,cpu,False,False,False,537840.0,2131920.0,195840.0,2466720.0,2380.0,985.5503540039062,983.0,118.0,True,238,0,1,39.0,,Ascending,True,False,True,True,False,False,True,False,True,238.0,default,752714.3542006118,22.000145258592227,103.05021537478908,350.4343172311783,665580.3516705036,726663305.3273624,41.2,1050553.3994955886,29.999999999999996,886880.440854064,1385.9467123746872,7571.126747671292,6.914598063143707
Ascending,112,4,T112_F4,43681,59668.731,1819.516,3.0494,101.6783939,4.8819775,101.5073004,5.8616717,100.3413773,3.5779286,103.0110579,6.1872458,False,1,156.0,1,118.06798028945923,665347.9853335619,726663072.9610255,32647,0.9812430410825934,False,True,False,True,solid_earth,cpu,False,False,False,966240.0,375120.0,627840.0,705600.0,2063.0,337.5958557128906,202.0,0.0,False,,0,1,39.0,,Ascending,True,False,True,True,False,False,True,False,True,156.0,default,752614.9377474161,6.000022257380306,106.68514414620297,82.61865508556366,665312.536008358,726663037.5117003,41.2,1050424.769447379,29.999999999999996,886777.823734683,1382.5236829519272,7571.941009999657,-4.152163875995855
Ascending,112,5,T112_F5,43685,59690.857,20302.735,34.0131,101.2240267,6.8729816,100.9660573,6.6218174,99.8787954,5.5652104,102.5635898,8.1812107,False,1,156.0,1,151.52124559879303,665381.4385988712,726663106.4142908,32647,0.4918305533040399,False,True,False,True,solid_earth,cpu,False,False,False,915120.0,594720.0,576720.0,925920.0,1415.0,72.04306030273438,0.0,0.0,False,,0,1,39.0,,Ascending,True,False,True,True,False,False,True,False,True,156.0,default,752479.7943632873,8.000036676230161,106.24733838462174,116.06798028945923,665345.9853335619,726663070.9610255,41.2,1050190.7254598092,29.999999999999996,886642.6529317597,1382.6773470640182,7572.032865418853,-2.657713416413488
Ascending,112,6,T112_F6,43689,59719.243,9091.405,15.2236,100.760275,8.8633653,99.933179,8.4380963,99.4049685,7.5517563,102.1085768,10.1746783,False,1,156.0,2,184.980388879776,665414.8977421522,726663139.8734341,32647,0.15381132929658758,False,True,False,True,solid_earth,cpu,False,False,False,863280.0,814320.0,524160.0,1146240.0,1652.0,14.254145622253418,0.0,0.0,False,,0,2,39.0,,Ascending,True,False,True,True,False,False,True,False,True,156.0,default,752388.4543172009,10.000051257347213,105.80653759809822,149.52124559879303,665379.4385988712,726663104.4142908,41.2,1050020.9087067791,29.999999999999996,886559.6947448191,1382.9065879583359,7572.066692063682,-1.1811117085943699
Ascending,112,7,T112_F7,43693,59753.881,4235.801,7.0887,100.2861996,10.8530806,99.415354,11.1050983,98.9188939,9.5375068,101.6451355,12.1676114,False,1,148.0,2,218.44737577438354,665448.3647290468,726663173.340421,32647,0.12459237602608797,False,True,False,True,solid_earth,cpu,False,False,False,810000.0,1033920.0,470880.0,1366560.0,1119.0,21.005313873291016,0.0,0.0,True,238,0,2,38.99999999999999,,Ascending,True,False,True,True,False,False,True,False,True,148.0,default,752340.3454955723,12.000066030247133,105.36193324403659,182.980388879776,665412.8977421522,726663137.8734341,41.2,1049914.6428544342,29.999999999999996,886528.1342754783,1383.212488889694,7572.043542448015,0.2704922080989424
Ascending,112,8,T112_F8,43697,59794.748,23760.796,39.7373,99.8007831,12.8420719,99.8264836,13.1670157,98.4194767,11.522394,101.1723177,14.1599665,False,1,238.0,1,251.92419970035553,665481.8415529728,726663206.8172449,32647,0.6810822118401785,False,True,False,True,solid_earth,cpu,False,False,False,756720.0,1253520.0,416880.0,1586160.0,1759.0,147.41329956054688,19.0,-1.0,True,238,0,1,39.0,,Ascending,True,False,True,True,False,False,True,False,True,238.0,default,752334.6938297879,14.000081056859061,104.91267733125231,216.44737577438354,665446.3647290468,726663171.340421,41.2,1049891.544717254,29.999999999999996,886527.9220829483,1383.5961331129074,7571.964714971458,1.6900934211726162
Ascending,112,9,T112_F9,43701,59841.835,49172.186,82.1703,99.3029178,14.8302758,99.4849137,14.8989959,97.905517,13.5063398,100.6890998,16.1516939,False,1,238.0,1,285.4128977060318,665515.3302509785,726663240.3059429,32647,0.999986177726789,False,True,False,True,solid_earth,cpu,False,False,False,702720.0,1473120.0,362160.0,1806480.0,1671.0,288.8807067871094,173.0,0.0,True,238,0,1,39.0,,Ascending,True,False,True,True,False,False,True,False,True,238.0,default,752370.5273177279,16.00009640638413,104.45787264389621,249.92419970035553,665479.8415529728,726663204.8172449,41.2,1049972.4521143136,29.999999999999996,886544.4036582662,1384.0592222213745,7571.831753564376,3.0708455461031026
Ascending,11,10,T11_F10,4085,59894.455,56491.654,94.3187,100.8723932,16.817617,100.8464147,16.7562767,99.4567084,15.489253,102.275359,18.142734,False,1,156.0,2,318.91490936279297,60249.40950489044,726057974.3851968,32647,1.0,False,True,False,True,solid_earth,cpu,False,False,False,871200.0,1692000.0,527760.0,2028240.0,1955.0,311.3691711425781,235.0,20.0,False,,1,2,38.00000000000003,,Ascending,True,False,True,True,False,False,True,False,True,156.0,default,752438.4896100815,18.0001121412788,106.0774997348805,283.41232776641846,60213.90692329407,726057938.8826152,41.2,1050098.8709625406,29.999999999999996,886599.7224113167,1349.0981006622324,7571.660358315032,4.39558887794179
Ascending,11,11,T11_F11,4089,59953.913,47596.047,79.3877,100.3458718,18.8040184,100.1282328,18.7425673,98.9095615,17.4710401,101.7678988,20.133026,False,1,156.0,2,352.4335947036743,60282.92819023132,726058007.9038821,32647,1.0,False,True,False,True,solid_earth,cpu,False,False,False,813600.0,1911600.0,470160.0,2247840.0,1941.0,548.3021240234375,482.0,64.0,True,238,1,2,38.0,,Ascending,True,False,True,True,False,False,True,False,True,156.0,default,752553.2579464233,20.000128380112898,105.60864548367773,316.91490936279297,60247.40950489044,726057972.3851968,41.2,1050292.7922446525,29.999999999999996,886711.8870395406,1349.7100429534912,7571.42455040653,5.67888147226947
Ascending,11,12,T11_F12,4093,60019.59,10944.009,18.2341,99.802889,20.7893831,99.7131767,19.949408,98.3434765,19.4515839,101.2463804,22.1224927,False,1,238.0,1,385.97061455249786,60316.46521008015,726058041.440902,32647,1.0,False,True,False,True,solid_earth,cpu,False,False,False,755280.0,2130480.0,411840.0,2467440.0,2466.0,904.66455078125,864.0,281.0,True,238,1,1,38.0,,Ascending,True,False,True,True,False,False,True,False,True,238.0,default,752705.4604189573,22.0001452554465,105.13113840251553,350.4335947036743,60280.92819023132,726058005.9038821,41.2,1050540.0607016105,29.999999999999996,886869.9639569382,1350.4067542552948,7571.140475808887,6.904186951748804
Ascending,11,7,T11_F7,4073,59753.297,243.512,0.4075,102.3672131,10.853076,102.7044377,11.7726956,100.9999181,9.5375012,103.7261389,12.1676079,False,1,148.0,2,218.44695329666138,60148.94154882431,726057873.9172407,32648,0.11330540874845385,False,True,False,True,solid_earth,cpu,False,False,False,380880.0,1036080.0,43200.0,1365840.0,1237.0,24.520339965820312,0.0,0.0,False,,1,2,28.013301062602594,,Ascending,True,False,True,True,False,False,True,False,True,148.0,default,752333.1834279252,12.000066009179683,107.4428925637762,182.98003888130188,60113.47463440895,726057838.4503263,41.2,1049904.3746206816,29.999999999999996,886519.3054057627,993.5453512790255,7572.057444356067,0.26061132851932933
Ascending,11,8,T11_F8,4077,59794.139,28668.162,47.9448,101.8817924,12.842068,101.8136389,13.2143551,100.5004973,11.5223892,103.2533163,14.1599636,False,1,156.0,1,251.92370533943176,60182.41830086708,726057907.3939928,32648,0.6753971242486367,False,True,False,True,solid_earth,cpu,False,False,False,330480.0,1256400.0,-7200.0,1586880.0,1612.0,89.7225341796875,33.0,-1.0,False,,1,1,38.0,,Ascending,True,False,True,True,False,False,True,False,True,156.0,default,752327.1963525172,14.000081040304734,106.9936296277045,216.44695329666138,60146.94154882431,726057871.9172407,41.2,1049880.2622826465,29.999999999999996,886519.0100730149,1348.1165776252747,7571.978692999259,1.6799251253840415
Ascending,11,9,T11_F9,4081,59841.192,59823.713,99.9708,101.3839229,14.8302726,101.3841518,14.8306459,99.9865342,13.506336,102.7700935,16.1516913,False,1,156.0,1,285.41232776641846,60215.90692329407,726057940.8826152,32647,0.999792691691083,False,True,False,True,solid_earth,cpu,False,False,False,927360.0,1473120.0,585360.0,1808640.0,1283.0,172.48687744140625,150.0,-1.0,False,,1,1,38.0,,Ascending,True,False,True,True,False,False,True,False,True,156.0,default,752362.6858872576,16.000096387981372,106.538817812088,249.92370533943176,60180.41830086708,726057905.3939928,41.2,1049960.6591878114,29.999999999999996,886535.1902136374,1348.5676522254944,7571.8457359694,3.0604625003453636
Ascending,155,10,T155_F10,60537,59892.834,25616.14,42.77,105.0344558,16.817625,104.4058392,16.6174166,103.6188018,15.4892631,106.4373919,18.14274,False,1,148.0,1,318.91316509246826,923250.5553095341,726920975.5310014,32648,1.0,False,True,False,True,solid_earth,cpu,False,False,False,673920.0,1692000.0,333360.0,2026800.0,1894.0,253.1247100830078,182.0,20.0,False,,0,1,38.0,,Ascending,True,False,True,True,False,False,True,False,True,148.0,default,752419.1504514525,18.0001121273261,110.23941703688158,283.41077530384064,923215.0529197454,726920940.0286117,41.2,1050070.1103340418,29.999999999999996,886576.7355073142,1349.0908119678497,7571.691930810962,4.382404538182978
Ascending,155,11,T155_F11,60541,59952.252,6686.768,11.1535,104.5079278,18.8040277,103.8595031,17.9364105,103.0716495,17.4710519,105.9299241,20.1330328,False,1,148.0,1,352.43165731430054,923284.0738017559,726921009.0494937,32648,0.9981077501148866,False,True,False,True,solid_earth,cpu,False,False,False,618480.0,1911600.0,277200.0,2246400.0,2543.0,544.9215087890625,447.0,0.0,False,,0,1,38.0,,Ascending,True,False,True,True,False,False,True,False,True,148.0,default,752533.4743658891,20.0001283689769,109.7705514387298,316.91316509246826,923248.5553095341,726920973.5310014,41.2,1050263.3752528084,29.999999999999996,886688.3698158204,1349.7027044296265,7571.455836939247,5.665541832502366
Ascending,155,9,T155_F9,60533,59839.606,20483.755,34.2311,105.5459921,14.8302794,104.9343681,15.1142664,104.1486332,13.5063446,106.9321341,16.1516964,False,1,148.0,1,285.41077530384064,923217.0529197454,726920942.0286117,32648,1.0,False,True,False,True,solid_earth,cpu,False,False,False,729360.0,1473120.0,388080.0,1806480.0,1596.0,229.10079956054688,142.0,45.0,False,,0,1,38.0,,Ascending,True,False,True,True,False,False,True,False,True,148.0,default,752343.7829770297,16.000096370773395,110.70074626397272,249.92234480381012,923181.5644892454,726920906.5401812,41.2,1049932.5470671114,29.999999999999996,886512.7206711146,1348.5603590011597,7571.877490876475,3.047589080364545
Ascending,40,11,T40_F11,15369,59955.272,196.044,0.327,96.1839,18.8040248,97.4656079,18.404956,94.7475631,17.4710477,97.6059518,20.133031,False,1,238.0,1,352.4348998069763,234081.77049982548,726231806.7461917,32647,1.0,False,True,False,True,solid_earth,cpu,False,False,False,372960.0,1915200.0,33120.0,2247840.0,2516.0,336.629150390625,169.0,5.0,True,238,0,1,39.0,,Ascending,True,False,True,True,False,False,True,False,True,238.0,default,752569.8525462858,20.000128407514058,101.44680343869045,316.916069149971,234046.25166916847,726231771.2273611,41.2,1050317.8099676063,29.999999999999996,886731.3309708255,1385.234395623207,7571.397605399153,5.703250321115051
Ascending,40,5,T40_F5,15345,59691.274,13791.961,23.1055,99.1430257,6.8729915,99.768846,7.4412602,97.7977867,5.5652226,100.4825957,8.1812181,False,1,148.0,2,151.52145624160767,233880.8570562601,726231605.8327482,32647,0.2847879873730911,False,True,False,True,solid_earth,cpu,False,False,False,684720.0,594720.0,347040.0,924480.0,1147.0,26.50895881652832,0.0,0.0,False,,0,2,39.0,,Ascending,True,False,True,True,False,False,True,False,True,148.0,default,752485.1419606414,8.000036703759863,104.16637877784002,116.06813883781433,233845.40373885632,726231570.3794308,41.2,1050198.2567922622,29.999999999999996,886649.357629861,1382.67937874794,7572.020508843038,-2.645087859338239
Ascending,40,6,T40_F6,15349,59719.699,31295.121,52.4033,98.6792785,8.8633744,99.0471001,8.8158619,97.3239636,7.5517675,100.027588,10.1746852,False,1,156.0,1,184.98065602779388,233914.3162560463,726231639.291948,32647,0.5418611889200124,False,True,False,True,solid_earth,cpu,False,False,False,633600.0,814320.0,295920.0,1144800.0,1652.0,79.77075958251953,8.0,0.0,False,,0,1,39.0,,Ascending,True,False,True,True,False,False,True,False,True,156.0,default,752394.2300914945,10.000051281204973,103.72558573488999,149.52145624160767,233878.8570562601,726231603.8327482,41.2,1050029.0594471586,29.999999999999996,886566.922126125,1382.9087916612625,7572.054053581296,-1.1681285228926312
Ascending,40,7,T40_F7,15353,59754.373,6895.642,11.54,98.2052076,10.8530888,99.0130324,10.4518276,96.8378925,9.5375171,99.5641519,12.1676177,False,1,156.0,2,218.44770097732544,233947.78330099583,726231672.7589929,32647,0.33768113905013564,False,True,False,True,solid_earth,cpu,False,False,False,582480.0,1034640.0,244080.0,1365120.0,957.0,38.962738037109375,0.0,0.0,True,238,0,2,39.0,,Ascending,True,False,True,True,False,False,True,False,True,156.0,default,752346.5610959213,12.000066058275438,103.28098921324116,182.98065602779388,233912.3162560463,726231637.291948,41.2,1049923.4308776467,29.999999999999996,886535.8975470972,1383.2147530317307,7572.030688127556,0.2838052231216295
Ascending,40,9,T40_F9,15361,59842.407,1216.742,2.0332,97.2219344,14.8302824,98.312511,14.9283171,95.8245225,13.5063479,98.6081265,16.1516989,False,1,238.0,1,285.41334760189056,234014.7489476204,726231739.7246395,32647,0.22862710412117526,False,True,False,True,solid_earth,cpu,False,False,False,478080.0,1474560.0,138960.0,1806480.0,1298.0,48.59375762939453,0.0,0.0,True,238,0,1,39.0,,Ascending,True,False,True,True,False,False,True,False,True,238.0,default,752377.6510592038,16.000096422850294,102.37694460676023,249.92458641529083,233979.2601864338,726231704.2358783,41.2,1049983.2788575578,29.999999999999996,886552.6809678758,1384.0616862773895,7571.818681988471,3.0846204696506017
Ascending,83,10,T83_F10,32333,59893.681,59861.405,99.9461,102.9534193,16.8176194,102.9535857,16.8170629,101.537749,15.4892562,104.3563711,18.1427357,False,1,156.0,1,318.91408586502075,491749.98308455944,726489474.9587765,32648,1.0,False,True,False,True,solid_earth,cpu,False,False,False,451440.0,1694160.0,112320.0,2026800.0,1285.0,217.7698211669922,190.0,124.0,False,,0,1,39.0,,Ascending,True,False,True,True,False,False,True,False,True,156.0,default,752429.2626766227,18.00011212570243,108.15845615407675,283.41159677505493,491714.4805954695,726489439.4562874,41.2,1050085.141984237,29.999999999999996,886588.7610627082,1384.597074508667,7571.6755439093295,4.389023117978304
Ascending,83,11,T83_F11,32337,59953.129,11347.579,18.9274,102.4268942,18.8040215,102.4525126,18.0926567,100.990599,17.471044,103.8489068,20.1330282,False,1,156.0,2,352.4326835870743,491783.5016822815,726489508.4773742,32648,1.0,False,True,False,True,solid_earth,cpu,False,False,False,398160.0,1914480.0,59040.0,2247120.0,2698.0,634.2770385742188,525.0,145.0,False,,0,2,39.0,,Ascending,True,False,True,True,False,False,True,False,True,156.0,default,752543.8102562586,20.000128374396258,107.68959587662943,316.91408586502075,491747.98308455944,726489472.9587765,41.2,1050278.7382118287,29.999999999999996,886700.6616229812,1385.2253111600876,7571.439555305762,5.672273982111193
Ascending,83,12,T83_F12,32341,60018.775,304.816,0.5079,101.8839078,20.7893868,101.1082899,19.5326106,100.424511,19.4515888,103.3273841,22.1224952,False,1,148.0,2,385.96960973739624,491817.0386084318,726489542.0143003,32648,1.0,False,True,False,True,solid_earth,cpu,False,False,False,345600.0,2135520.0,5760.0,2468160.0,2142.0,860.0137939453125,841.0,275.0,True,238,0,2,39.0,,Ascending,True,False,True,True,False,False,True,False,True,148.0,default,752695.7920589298,22.000145224696755,107.21208267323577,350.4326835870743,491781.5016822815,726489506.4773742,41.2,1050525.6842075505,29.999999999999996,886858.4724581289,1385.9401198625565,7571.155267069918,6.897640407188919
Ascending,83,8,T83_F8,32325,59793.402,1.028,0.0017,103.9628259,12.8420694,102.5897149,13.6074715,102.5815443,11.522391,105.3343368,14.1599645,False,1,156.0,2,251.92306232452393,491682.99206101894,726489407.9677529,32648,1.0,False,True,False,True,solid_earth,cpu,False,False,False,556560.0,1254240.0,218160.0,1585440.0,1707.0,124.806640625,35.0,4.0,False,,0,2,39.000000000000036,,Ascending,True,False,True,True,False,False,True,False,True,156.0,default,752318.3986960072,14.000081026683688,109.07459779128915,216.44640159606934,491647.5154002905,726489372.4910922,41.2,1049867.1722283717,29.999999999999996,886508.491744327,1383.5897684097304,7571.994076798199,1.6737028152663298
Ascending,83,9,T83_F9,32329,59840.444,45914.205,76.7277,103.4649527,14.8302745,103.4025486,15.0690931,102.067578,13.5063383,104.8511099,16.1516927,False,1,156.0,1,285.41159677505493,491716.4805954695,726489441.4562874,32648,1.0,False,True,False,True,solid_earth,cpu,False,False,False,504000.0,1473840.0,164880.0,1806480.0,652.0,147.8470458984375,145.0,11.0,False,,0,1,39.0,,Ascending,True,False,True,True,False,False,True,False,True,156.0,default,752353.6765335323,16.00009637970735,108.61978015228026,249.92306232452393,491680.99206101894,726489405.9677529,41.2,1049947.2530495068,29.999999999999996,886524.487243148,1384.0528435707092,7571.86105191565,3.054032920237221
Descending,105,78,T105_F78,41261,60010.606,6764.51,11.2722,100.5849175,20.7895834,100.0011147,20.0638949,99.1416034,19.4518354,102.0441511,22.1226428,False,1,148.0,2,2641.7039840221405,625920.1715093851,726623645.1472013,32647,1.0,False,True,False,True,solid_earth,cpu,False,False,False,835920.0,2132640.0,494640.0,2466720.0,2466.0,883.510498046875,841.0,328.0,False,,0,2,39.0,,Descending,True,False,True,True,False,False,True,False,True,148.0,default,752605.892021006,22.00014516113872,95.25739120483254,2606.167835712433,625884.6353610754,726623609.611053,41.2,1050393.5888149762,29.999999999999996,886750.3566650203,1385.909784078598,7571.223328645656,-6.896684218576539
Descending,105,79,T105_F79,41265,59944.941,56560.566,94.3542,100.0419571,18.8042203,99.9870316,18.7688789,98.6201063,17.4712932,101.4780896,20.1331777,False,1,156.0,1,2675.2218133211136,625953.6893386841,726623678.6650306,32647,1.0,False,True,False,True,solid_earth,cpu,False,False,False,780480.0,1912320.0,439200.0,2246400.0,1983.0,542.7160034179688,471.0,65.0,False,,0,1,39.0,,Descending,True,False,True,True,False,False,True,False,True,156.0,default,752454.0136704072,20.00012826547223,94.77989483225251,2639.7039840221405,625918.1715093851,726623643.1472013,41.2,1050146.6838775943,29.999999999999996,886592.7687788735,1385.1953426599503,7571.502753782628,-5.6668423115313935
Descending,105,80,T105_F80,41269,59885.504,55074.042,91.9656,99.5154606,16.8178207,99.6073938,16.8571487,98.1126699,15.4895081,100.9309686,18.1428876,False,1,156.0,3,2708.723555326462,625987.1910806894,726623712.1667726,32647,1.0,False,True,False,True,solid_earth,cpu,False,False,False,725040.0,1692720.0,384480.0,2026080.0,2035.0,302.9748840332031,165.0,10.0,False,,0,3,39.0,,Descending,True,False,True,True,False,False,True,False,True,156.0,default,752339.727726182,18.000112002509496,94.31105362286952,2673.2218133211136,625951.6893386841,726623676.6650306,41.2,1049953.3468970833,29.999999999999996,886481.2939096749,1384.56793820858,7571.733333193477,-4.3785695149688655
Descending,105,81,T105_F81,41273,59832.279,42182.712,70.5016,99.0039585,14.8304786,99.3187036,14.8696919,97.6179621,13.5065934,100.4011714,16.151847,False,1,152.0,2,2742.211358308792,626020.6788836718,726623745.6545756,32647,0.9582313997042197,False,True,False,True,solid_earth,cpu,False,False,False,670320.0,1473120.0,330480.0,1806480.0,1677.0,300.3626708984375,186.0,0.0,False,,38,2,39.0,,Descending,True,False,True,True,False,False,True,False,True,152.0,default,752264.5821957514,16.00009624110181,93.84975107546478,2706.723555326462,625985.1910806894,726623710.1667726,41.2,1049815.9625701925,29.999999999999996,886417.6757674438,1384.0243163108826,7571.912972543439,-3.0378755978173992
Descending,105,82,T105_F82,41277,59785.279,8770.464,14.6699,98.5061198,12.8422765,99.463611,13.1451117,97.1347691,11.5226493,99.8872399,14.1601216,False,1,152.0,2,2775.6873123645782,626054.1548377275,726623779.1305296,32647,0.5498130788974445,False,True,False,True,solid_earth,cpu,False,False,False,616320.0,1253520.0,276480.0,1586160.0,1759.0,146.83685302734375,10.0,0.0,False,,38,2,39.0,,Descending,True,False,True,True,False,False,True,False,True,152.0,default,752229.9477135586,14.000080879012117,93.39495742047781,2740.211358308792,626018.6788836718,726623743.6545756,41.2,1049736.664716215,29.999999999999996,886402.3259772639,1383.5622081756592,7572.039805581092,-1.6510969634222028
Descending,105,83,T105_F83,41281,59744.511,5976.923,10.0041,98.0207332,10.8532871,98.8802018,10.2592656,96.6619796,9.5377641,99.3878542,12.1677684,False,1,152.0,2,2809.1534522771835,626087.6209776402,726623812.5966696,32647,0.29318900681802207,False,True,False,True,solid_earth,cpu,False,False,False,562320.0,1033920.0,223200.0,1365840.0,957.0,40.61814880371094,0.0,0.0,False,,38,2,39.0,,Descending,True,False,True,True,False,False,True,False,True,152.0,default,752237.0093289493,12.00006583915439,92.94571542018429,2773.6873123645782,626052.1548377275,726623777.1305296,41.2,1049764.035963461,29.999999999999996,886402.8788149153,1383.1794565916061,7572.112184646392,-0.22486778053219422
Descending,105,84,T105_F84,41285,59710.0,8013.714,13.4211,97.5466915,8.8635739,98.5093059,8.9194045,96.1985702,7.5520156,98.9018147,10.1748375,False,1,152.0,2,2842.6117770671844,626121.0793024302,726623846.0549943,32647,0.14477333182409868,False,True,False,True,solid_earth,cpu,False,False,False,509760.0,814320.0,170640.0,1146240.0,1220.0,29.323701858520508,0.0,0.0,False,,38,2,38.0417221632095,,Descending,True,False,True,True,False,False,True,False,True,152.0,default,752286.7592363115,10.000051052953962,92.50112798018388,2807.1534522771835,626085.6209776402,726623810.5966696,41.2,1049872.9025472223,29.999999999999996,886436.2627677475,1348.8957400340587,7572.128674243203,1.2339616718829112
Descending,148,80,T148_F80,58193,59884.249,6780.302,11.3223,105.7578483,16.8178104,104.7752705,16.3750848,104.3550721,15.4894981,107.1733443,18.1428769,False,1,148.0,2,2708.7393805980682,883688.928217411,726881413.9039093,32648,0.9585276778508802,False,True,False,True,solid_earth,cpu,False,False,False,750960.0,1692720.0,410400.0,2026080.0,1894.0,300.3165588378906,205.0,0.0,False,,37,2,38.0,,Descending,True,False,True,True,False,False,True,False,True,148.0,default,752324.5266717626,18.000112185513068,100.55355992578792,2673.2377878427505,883653.4266246557,726881378.4023166,41.2,1049932.3285122465,29.999999999999996,886461.9215521733,1349.0605247020721,7571.763465860153,-4.429171410791849
Descending,148,81,T148_F81,58197,59830.873,26912.189,44.9804,105.2463195,14.8304718,104.8178006,15.1606795,103.8603403,13.5065877,106.6435175,16.1518392,False,1,148.0,2,2742.2270094156265,883722.4158462286,726881447.3915381,32648,1.0,False,True,False,True,solid_earth,cpu,False,False,False,696240.0,1473120.0,356400.0,1806480.0,1596.0,201.77301025390625,139.0,37.0,False,,37,2,38.0,,Descending,True,False,True,True,False,False,True,False,True,148.0,default,752247.6746642515,16.000096416614937,100.09224129401491,2706.7393805980682,883686.928217411,726881411.9039093,41.2,1049792.4533680107,29.999999999999996,886396.234478712,1348.529895067215,7571.946298599038,-3.089175843165405
Descending,148,85,T148_F85,58213,59679.725,141.276,0.2367,103.3252344,6.8731991,102.0351209,6.1634222,101.9858784,5.5654821,104.6702583,8.181375,False,1,156.0,1,2876.07896733284,883856.2678041458,726881581.2434961,32648,0.016498364386289266,False,True,False,True,solid_earth,cpu,False,False,False,483840.0,594720.0,146160.0,925920.0,218.0,0.1589532047510147,0.0,0.0,False,,0,1,8.638975238782306,,Descending,True,False,True,True,False,False,True,False,True,156.0,default,752355.9126033671,8.000036639425218,98.30277896729262,2840.626762866974,883820.81559968,726881545.7912916,41.2,1050008.8414157047,29.999999999999996,886493.5585173434,306.2707165408646,7572.133817563509,2.6620006757089807
Descending,148,86,T148_F86,58217,59657.604,97.597,0.1636,102.8708829,4.8822004,102.024228,6.1144042,101.5384271,3.5782062,104.207691,6.1874149,False,1,156.0,1,2909.527238726616,883889.7160755396,726881614.6917675,32648,0.6541360897747066,False,True,False,True,solid_earth,cpu,False,False,False,432720.0,375120.0,95040.0,704880.0,2063.0,146.10862731933594,53.0,0.0,False,,0,1,38.0,,Descending,True,False,True,True,False,False,True,False,True,156.0,default,752491.3018628042,6.000022202428841,97.86498300389323,2874.07896733284,883854.2678041458,726881579.2434961,41.2,1050243.4173124905,29.999999999999996,886628.8853678298,1347.0343129634857,7572.037918249102,4.163080479423634
Descending,33,78,T33_F78,12837,60011.459,4310.086,7.1821,98.5041904,20.7895698,99.1646991,19.8105252,97.060862,19.4518176,99.9634374,22.1226332,False,1,148.0,2,2641.696598172188,194419.58858156204,726192144.5642735,32647,1.0,False,True,False,True,solid_earth,cpu,False,False,False,619920.0,2130480.0,276480.0,2467440.0,2380.0,987.9544067382812,986.0,168.0,False,,0,2,39.0,,Descending,True,False,True,True,False,False,True,False,True,148.0,default,752615.6484786039,22.000145067596257,93.17659156538598,2606.160353422165,194384.05233681202,726192109.0280287,41.2,1050407.4380837183,29.999999999999996,886762.4909043203,1385.9135452508926,7571.209961872495,-6.878089356579516
Descending,33,79,T33_F79,12841,59945.857,34607.818,57.7318,97.9612353,18.8042055,98.4340916,18.6880662,96.5393692,17.4712739,99.3973822,20.1331673,False,1,152.0,2,2675.2145372629166,194453.10652065277,726192178.0822126,32647,1.0,False,True,False,True,solid_earth,cpu,False,False,False,562320.0,1911600.0,218880.0,2247840.0,2530.0,731.1109619140625,718.0,12.0,False,,38,2,39.0,,Descending,True,False,True,True,False,False,True,False,True,152.0,default,752464.390496131,20.00012820342646,92.69909694851773,2639.696598172188,194417.58858156204,726192142.5642735,41.2,1050161.4492343972,29.999999999999996,886605.6463371682,1385.1996245384216,7571.488261493088,-5.648416564336705
Descending,33,80,T33_F80,12845,59886.468,6824.429,11.3956,97.4347438,16.8178047,98.3693447,17.38101,96.0319369,15.4894874,98.8502672,18.1428761,False,1,152.0,2,2708.716393828392,194486.60837721825,726192211.5840691,32647,0.7548965970018602,False,True,False,True,solid_earth,cpu,False,False,False,504720.0,1692000.0,162000.0,2028240.0,1917.0,149.86854553222656,15.0,0.0,False,,38,2,39.0,,Descending,True,False,True,True,False,False,True,False,True,152.0,default,752350.7206843216,18.000111934823483,92.23025726487023,2673.2145372629166,194451.10652065277,726192176.0822126,41.2,1049969.0203305408,29.999999999999996,886494.9109294008,1384.572406053543,7571.717728435257,-4.36023591514866
Descending,33,81,T33_F81,12849,59833.302,39.344,0.0658,96.9232466,14.8304614,98.1895448,15.1571582,95.537233,13.5065713,98.3204758,16.1518347,False,1,152.0,2,2742.2043231725693,194520.09630656242,726192245.0719985,32647,0.09542564953012711,False,True,False,True,solid_earth,cpu,False,False,False,447840.0,1473120.0,105840.0,1808640.0,1175.0,16.286415100097656,0.0,0.0,False,,38,2,19.848640636566355,,Descending,True,False,True,True,False,False,True,False,True,152.0,default,752276.1889741858,16.000096175977003,91.76895603419676,2706.716393828392,194484.60837721825,726192209.5840691,41.2,1049832.53924286,29.999999999999996,886432.0308772686,704.3871564884321,7571.8962588362865,-3.0195627544400776
Descending,4,79,T4_F79,1553,59944.434,12094.16,20.1756,102.1227305,18.8042218,101.7939286,18.2051571,100.7008863,17.4712961,103.5588576,20.1331778,False,1,148.0,2,2675.2298551797867,20654.269580960274,726018379.2452729,32647,1.0,False,True,False,True,solid_earth,cpu,False,False,False,998640.0,1915920.0,659520.0,2247840.0,2698.0,644.3448486328125,555.0,152.0,False,,38,2,38.0,,Descending,True,False,True,True,False,False,True,False,True,148.0,default,752448.0560546508,20.000128349784244,96.86071384975867,2639.7120851278305,20618.751810908318,726018343.7275028,41.2,1050138.481311345,29.999999999999996,886585.1488022256,1349.6752619743347,7571.513114729243,-5.687992442929551
Descending,4,80,T4_F80,1557,59884.933,57184.236,95.4902,101.5962255,16.8178237,101.6138883,16.7721575,100.1934426,15.4895128,103.0117269,18.1428888,False,1,148.0,3,2708.7315269708633,20687.77125275135,726018412.7469447,32647,1.0,False,True,False,True,solid_earth,cpu,False,False,False,946080.0,1694880.0,606960.0,2027520.0,1955.0,365.7696838378906,263.0,28.0,False,,38,3,38.0,,Descending,True,False,True,True,False,False,True,False,True,148.0,default,752333.059334741,18.00011208186192,96.39186862551277,2673.2298551797867,20652.269580960274,726018377.2452729,41.2,1049944.1030233642,29.999999999999996,886472.815649831,1349.063528060913,7571.744918757648,-4.399849100800604
Descending,4,81,T4_F81,1561,59831.646,59831.646,100.0,101.0847152,14.830483,101.0847152,14.830483,99.6987276,13.5065998,102.4819202,16.1518495,False,1,156.0,1,2742.2192516326904,20721.258977413177,726018446.2346693,32647,0.9999723543071989,False,True,False,True,solid_earth,cpu,False,False,False,893520.0,1474560.0,555120.0,1806480.0,1283.0,132.1246337890625,63.0,-1.0,False,,1,1,38.0,,Descending,True,False,True,True,False,False,True,False,True,156.0,default,752257.1975379707,16.000096310469303,95.93056230185778,2706.7315269708633,20685.77125275135,726018410.7469447,41.2,1049805.671012378,29.999999999999996,886408.3312899041,1348.5335371494293,7571.925781796487,-3.0593572525448476
Descending,4,82,T4_F82,1565,59784.58,30850.025,51.602,100.5868684,12.8422823,100.5221042,13.2038364,99.2155277,11.5226574,101.9679795,14.1601251,False,1,156.0,1,2775.6951164007187,20754.734842181206,726018479.7105341,32647,0.5402909709726464,False,True,False,True,solid_earth,cpu,False,False,False,841680.0,1254240.0,503280.0,1586160.0,1204.0,55.120880126953125,3.0,-1.0,False,,1,1,38.0,,Descending,True,False,True,True,False,False,True,False,True,156.0,default,752221.8392379452,14.000080956295838,95.47576509920306,2740.2192516326904,20719.258977413177,726018444.2346693,41.2,1049725.3159252156,29.999999999999996,886392.3382464824,1348.0828611850739,7572.053833506852,-1.6728483293839753
Descending,4,83,T4_F83,1569,59743.75,8618.965,14.4266,100.1014738,10.8532943,99.2638868,10.8976142,98.7427314,9.5377739,101.4685847,12.167773,False,1,156.0,3,2809.161159157753,20788.20088493824,726018513.1765769,32647,0.22191761563334744,False,True,False,True,solid_earth,cpu,False,False,False,789840.0,1034640.0,451440.0,1365120.0,1119.0,39.88349533081055,0.0,0.0,False,,1,3,37.99999999999997,,Descending,True,False,True,True,False,False,True,False,True,156.0,default,752228.1672754223,12.00006591081385,95.02651976043126,2773.6951164007187,20752.734842181206,726018477.7105341,41.2,1049750.4660236537,29.999999999999996,886392.7103352216,1347.7096247673026,7572.127411520904,-0.24694267823632
Descending,4,84,T4_F84,1573,59709.171,34203.324,57.2832,99.6274241,8.8635826,99.2930162,8.6995935,98.2793152,7.5520271,100.9825361,10.1748432,False,1,156.0,1,2842.619376063347,20821.659101843834,726018546.6347938,32647,0.5802133740838216,False,True,False,True,solid_earth,cpu,False,False,False,738000.0,815040.0,400320.0,1144800.0,1652.0,77.1947250366211,8.0,0.0,False,,1,1,38.0,,Descending,True,False,True,True,False,False,True,False,True,156.0,default,752277.171870999,10.000051123917327,94.5819291859132,2807.161159157753,20786.20088493824,726018511.1765769,41.2,1049858.227148982,29.999999999999996,886425.2053206062,1347.4122424125671,7572.145063390411,1.2115106556156612
Descending,4,85,T4_F85,1577,59680.864,13440.227,22.5202,99.1637022,6.8732025,99.7384325,7.3815838,97.8243313,5.565485,100.5087394,8.1813789,False,1,156.0,3,2876.071733355522,20855.11145913601,726018580.087151,32647,0.2634782485032069,False,True,False,True,solid_earth,cpu,False,False,False,686880.0,594720.0,349200.0,924480.0,1147.0,24.484363555908203,0.0,0.0,False,,1,3,31.573972596214855,,Descending,True,False,True,True,False,False,True,False,True,156.0,default,752369.6452014567,8.000036534193393,94.14114548295704,2840.619376063347,20819.659101843834,726018544.6347938,41.2,1050029.9015363322,29.999999999999996,886509.3719536522,1119.3717576143606,7572.10555531021,2.695501573995332
Descending,76,79,T76_F79,29781,59944.176,7093.964,11.8343,104.2035445,18.8042141,103.7092591,18.0458456,102.7817018,17.4712876,105.639671,20.1331709,False,1,152.0,3,2675.235974431038,452154.8488584757,726449879.8245504,32648,1.0,False,True,False,True,solid_earth,cpu,False,False,False,587520.0,1911600.0,244800.0,2247120.0,2698.0,611.2673950195312,528.0,4.0,False,,38,3,39.0,,Descending,True,False,True,True,False,False,True,False,True,152.0,default,752444.781534073,20.000128404029496,98.9415551930092,2639.7182331085205,452119.33111715317,726449844.3068091,41.2,1050134.1432045128,29.999999999999996,886580.819994625,1385.1919115781784,7571.520785938433,-5.706162244292928
Descending,76,80,T76_F80,29785,59884.619,56572.302,94.4688,103.6770296,16.8178173,103.6244684,16.7841561,102.2742492,15.4895059,105.0925293,18.142883,False,1,156.0,1,2708.737608194351,452188.350492239,726449913.3261842,32648,1.0,False,True,False,True,solid_earth,cpu,False,False,False,529920.0,1692000.0,187920.0,2027520.0,773.0,187.29209899902344,174.0,121.0,False,,0,1,39.0,,Descending,True,False,True,True,False,False,True,False,True,156.0,default,752329.1722956719,18.00011214777841,98.47270398754326,2673.235974431038,452152.8488584757,726449877.8245504,41.2,1049938.8701579846,29.999999999999996,886467.7448477857,1384.5637167692184,7571.75369901815,-4.418247200846093
Descending,76,81,T76_F81,29789,59831.28,48922.576,81.7676,103.1655095,14.830478,103.0791425,15.0151783,101.7795255,13.5065945,104.5627119,16.1518447,False,1,156.0,1,2742.225287079811,452221.83817112446,726449946.813863,32648,1.0,False,True,False,True,solid_earth,cpu,False,False,False,473760.0,1473120.0,131760.0,1807920.0,915.0,166.1669158935547,156.0,13.0,False,,0,1,39.0,,Descending,True,False,True,True,False,False,True,False,True,156.0,default,752252.6894076252,16.000096384468574,98.01139192697532,2706.737608194351,452186.350492239,726449911.3261842,41.2,1049799.5327360937,29.999999999999996,886402.5064887806,1384.019476532936,7571.935691466939,-3.0780524260009505
Descending,76,82,T76_F82,29793,59784.157,18496.892,30.9395,102.6676531,12.8422786,102.1208718,13.1620513,101.296317,11.5226537,104.0487606,14.1601213,False,1,156.0,3,2775.701097011566,452255.3139810562,726449980.289673,32648,0.847806075483277,False,True,False,True,solid_earth,cpu,False,False,False,417600.0,1253520.0,76320.0,1588320.0,1612.0,130.52195739746094,39.0,0.0,False,,0,3,39.0,,Descending,True,False,True,True,False,False,True,False,True,156.0,default,752216.6987803625,14.000081010028818,97.5565891998691,2740.225287079811,452219.83817112446,726449944.813863,41.2,1049718.257792942,29.999999999999996,886385.9497065132,1383.5565873384476,7572.064874888687,-1.6919251084793756
Descending,76,83,T76_F83,29797,59743.27,145.453,0.2435,102.1822491,10.8532918,102.648151,11.6717332,100.8235123,9.5377716,103.5493553,12.1677702,False,1,152.0,2,2809.1670764684677,452288.7799605131,726450013.7556524,32647,0.07935726937891863,False,True,False,True,solid_earth,cpu,False,False,False,1016640.0,1036800.0,679680.0,1366560.0,569.0,9.292799949645996,0.0,0.0,False,,38,2,20.776773067923035,,Descending,True,False,True,True,False,False,True,False,True,152.0,default,752222.3805008922,12.000065980663306,97.10733854203242,2773.701097011566,452253.3139810562,726449978.289673,41.2,1049741.450536647,29.999999999999996,886386.1627479666,736.8686068076637,7572.139578464406,-0.26648589781506676
Descending,76,85,T76_F85,29805,59680.265,18920.13,31.7025,101.2444586,6.8732024,101.0578562,6.5414828,99.9050955,5.5654857,102.5894891,8.1813781,False,1,156.0,1,2876.0774985551834,452355.69038259983,726450080.6660745,32647,0.4642090142367482,False,True,False,True,solid_earth,cpu,False,False,False,916560.0,595440.0,579600.0,925200.0,1415.0,73.28050994873047,0.0,0.0,False,,0,1,39.0,,Descending,True,False,True,True,False,False,True,False,True,156.0,default,752362.5124315973,8.000036600673461,96.22195413948288,2840.625221848488,452320.23810589314,726450045.2137978,41.2,1050018.8764746706,29.999999999999996,886501.2290191163,1382.6387915611267,7572.119887995514,2.6747878332836237
Descending,76,86,T76_F86,29809,59658.183,822.13,1.3781,100.7901158,4.8822031,101.1586688,5.7979817,99.4576522,3.578209,102.1269311,6.1874175,False,1,156.0,1,2909.5258481502533,452389.1387321949,726450114.1144241,32647,0.6396539169914764,False,True,False,True,solid_earth,cpu,False,False,False,866880.0,375840.0,530640.0,704160.0,2038.0,240.31790161132812,28.0,0.0,False,,0,1,39.0,,Descending,True,False,True,True,False,False,True,False,True,156.0,default,752498.3405175647,6.0000221685070905,95.78416401888953,2874.0774985551834,452353.69038259983,726450078.6660745,41.2,1050254.1150949888,29.999999999999996,886637.0704733452,1382.4856342077255,7572.023227586334,4.176519135587193
